Group,Marker Icon,Marker Color,Icon Color,Custom Size,Name,Image,Description,Location,Latitude,Longitude
000-INDEFINIDO,fa-exclamation,#808080,white,,>>INDEFINIDO<<,https://drive.google.com/uc?export=view&id=1-5qWnoQBG8QUu1cQzzZr8Te3VnixhSdh,(*) INDEFINIDO,,"-25,4264121","-49,2735039"
000-INDEFINIDO,fa-exclamation,#808080,white,,>>INDEFINIDO<<,https://drive.google.com/uc?export=view&id=1-7t5zy2eDcs08eqRvFbxMTSAxLapP54I,(*) INDEFINIDO,,"-25,4263948","-49,2734985"
000-INDEFINIDO,fa-exclamation,#808080,white,,>>INDEFINIDO<<,https://drive.google.com/uc?export=view&id=1-8QPruoZrmfLBdJAbMF_jQWIxFvt7Jrs,(*) INDEFINIDO,,"-25,4264116","-49,2736876"
000-INDEFINIDO,fa-exclamation,#808080,white,,>>INDEFINIDO<<,https://drive.google.com/uc?export=view&id=1-9uPC0oV1YnC6s_Arzg-mhFinkTXR5s1,(*) INDEFINIDO,,"-25,4263214","-49,2738462"
000-INDEFINIDO,fa-exclamation,#808080,white,,>>INDEFINIDO<<,https://drive.google.com/uc?export=view&id=1-BUS63YFdxhvt0jOPDT7a0oShgqcAnYa,(*) INDEFINIDO,,"-25,4254054","-49,2738538"
000-INDEFINIDO,fa-exclamation,#808080,white,,>>INDEFINIDO<<,https://drive.google.com/uc?export=view&id=1-F_pu2p4meHBYxsRFbfuuRo5tL0zkAV3,(*) INDEFINIDO,,"-25,4256223","-49,2727853"
000-INDEFINIDO,fa-exclamation,#808080,white,,>>INDEFINIDO<<,https://drive.google.com/uc?export=view&id=1-O0eWzNj6i6khEuPHbQGFUy32SnvHUQX,(*) INDEFINIDO,,"-25,4256219","-49,2727943"
000-INDEFINIDO,fa-exclamation,#808080,white,,>>INDEFINIDO<<,https://drive.google.com/uc?export=view&id=1-ie4MoIT0fYoJAn71g1WgEQp5gLvTmFt,(*) INDEFINIDO,,"-25,4256141","-49,2727801"
000-INDEFINIDO,fa-exclamation,#808080,white,,>>INDEFINIDO<<,https://drive.google.com/uc?export=view&id=1-iwn_SdpOn_jRaj725bt3E-28A1x58-h,(*) INDEFINIDO,,"-25,425629","-49,2726129"
000-INDEFINIDO,fa-exclamation,#808080,white,,>>INDEFINIDO<<,https://drive.google.com/uc?export=view&id=1-mAMuGI-6uH732wluW_OvPamff7wTAiN,(*) INDEFINIDO,,"-25,4258321","-49,2714933"
000-INDEFINIDO,fa-exclamation,#808080,white,,>>INDEFINIDO<<,https://drive.google.com/uc?export=view&id=1-p7QGI5OVpxYJsnEtx6GwsGGKyrnrmIc,(*) INDEFINIDO,,"-25,4257865","-49,2718775"
000-INDEFINIDO,fa-exclamation,#808080,white,,>>INDEFINIDO<<,https://drive.google.com/uc?export=view&id=1-zc4-VasMwdBbI0xQKzvMpwmqrR7BGHI,(*) INDEFINIDO,,"-25,4257514","-49,2722099"
000-INDEFINIDO,fa-exclamation,#808080,white,,>>INDEFINIDO<<,https://drive.google.com/uc?export=view&id=108nwLCmwLN6ZnB2gta9SJed-v8nLWsB5,(*) INDEFINIDO,,"-25,4257094","-49,2722602"
000-INDEFINIDO,fa-exclamation,#808080,white,,>>INDEFINIDO<<,https://drive.google.com/uc?export=view&id=10BsrmUo4pc7dGqLMG45zK3rA_f-XHHDJ,(*) INDEFINIDO,,"-25,4262718","-49,2716072"
000-INDEFINIDO,fa-exclamation,#808080,white,,>>INDEFINIDO<<,https://drive.google.com/uc?export=view&id=10CFU5LPa5dTmfnftuCh8MQwoy14RJZAR,(*) INDEFINIDO,,"-25,4263408","-49,2716286"
000-INDEFINIDO,fa-exclamation,#808080,white,,>>INDEFINIDO<<,https://drive.google.com/uc?export=view&id=10EGBNop1aRn9gvoYnA9K7wSDzwsbZd1e,(*) INDEFINIDO,,"-25,4264917","-49,2717847"
000-INDEFINIDO,fa-exclamation,#808080,white,,>>INDEFINIDO<<,https://drive.google.com/uc?export=view&id=10NU2QHdUzWNDXdq1VDIBy8B99cxjNAZN,(*) INDEFINIDO,,"-25,426656","-49,2718261"
000-INDEFINIDO,fa-exclamation,#808080,white,,>>INDEFINIDO<<,https://drive.google.com/uc?export=view&id=10OF3hj_KgVYFiWk-vJazJfTeDrKRtve3,(*) INDEFINIDO,,"-25,426854","-49,2717765"
000-INDEFINIDO,fa-exclamation,#808080,white,,>>INDEFINIDO<<,https://drive.google.com/uc?export=view&id=10UE1nKk5L3fE7py-aXOta95XprNheKxn,(*) INDEFINIDO,,"-25,4268197","-49,2717911"
000-INDEFINIDO,fa-exclamation,#808080,white,,>>INDEFINIDO<<,https://drive.google.com/uc?export=view&id=10WY9LiP_5j9aBOIE0oSmxpO79XmTpmws,(*) INDEFINIDO,,"-25,4268572","-49,2717894"
000-INDEFINIDO,fa-exclamation,#808080,white,,>>INDEFINIDO<<,https://drive.google.com/uc?export=view&id=10iEnFYg3XQvnwbHbGy0yMq_v2q49kGWW,(*) INDEFINIDO,,"-25,4269204","-49,2718295"
000-INDEFINIDO,fa-exclamation,#808080,white,,>>INDEFINIDO<<,https://drive.google.com/uc?export=view&id=10iYL3RGuEAWcFKf3ikZs1mAlxQ-RQzao,(*) INDEFINIDO,,"-25,4269738","-49,2718447"
000-INDEFINIDO,fa-exclamation,#808080,white,,>>INDEFINIDO<<,https://drive.google.com/uc?export=view&id=10llMXcGn8WrlCtz7W0XAT07WLHrU6syM,(*) INDEFINIDO,,"-25,4270872","-49,2717923"
000-INDEFINIDO,fa-exclamation,#808080,white,,>>INDEFINIDO<<,https://drive.google.com/uc?export=view&id=10oM3UMCzJYbApHLS8ClpixPW8Mqu8eEc,(*) INDEFINIDO,,"-25,4271015","-49,2718214"
000-INDEFINIDO,fa-exclamation,#808080,white,,>>INDEFINIDO<<,https://drive.google.com/uc?export=view&id=10v9nB43IekgLlAYCapia8mQAGCnl76gv,(*) INDEFINIDO,,"-25,4276991","-49,2719274"
000-INDEFINIDO,fa-exclamation,#808080,white,,>>INDEFINIDO<<,https://drive.google.com/uc?export=view&id=116gKi9QoPqMIZ0VkrEFPjBv63dt15blG,(*) INDEFINIDO,,"-25,42713","-49,2718529"
000-INDEFINIDO,fa-exclamation,#808080,white,,>>INDEFINIDO<<,https://drive.google.com/uc?export=view&id=11B8RGTDXy6qxIMuv2ibkGuvPkufioOtr,(*) INDEFINIDO,,"-25,4276528","-49,2719259"
000-INDEFINIDO,fa-exclamation,#808080,white,,>>INDEFINIDO<<,https://drive.google.com/uc?export=view&id=11CuyPL9c6vcuobSHXFEBHJNiledwCRkJ,(*) INDEFINIDO,,"-25,4279542","-49,2710109"
000-INDEFINIDO,fa-exclamation,#808080,white,,>>INDEFINIDO<<,https://drive.google.com/uc?export=view&id=11FfRcVBjYjrIdlIovOEV2vD9HCqTr7o1,(*) INDEFINIDO,,"-25,4291514","-49,2700984"
000-INDEFINIDO,fa-exclamation,#808080,white,,>>INDEFINIDO<<,https://drive.google.com/uc?export=view&id=11KuC0TFBZgVzl0BJatoAQcZzDVua3eWv,(*) INDEFINIDO,,"-25,4278838","-49,2709531"
000-INDEFINIDO,fa-exclamation,#808080,white,,>>INDEFINIDO<<,https://drive.google.com/uc?export=view&id=11MOItVeRln1u5vmvuHx9-KL3vjO7_r4h,(*) INDEFINIDO,,"-25,429153","-49,2700916"
000-INDEFINIDO,fa-exclamation,#808080,white,,>>INDEFINIDO<<,https://drive.google.com/uc?export=view&id=11OShTFFNbpQsWyoOiIM8Rs43tZw33XEc,(*) INDEFINIDO,,"-25,4293532","-49,2699057"
000-INDEFINIDO,fa-exclamation,#808080,white,,>>INDEFINIDO<<,https://drive.google.com/uc?export=view&id=11QbrdP4Ox_Udjbp6DGZouBSHLk8JQYYj,(*) INDEFINIDO,,"-25,4296405","-49,2701632"
000-INDEFINIDO,fa-exclamation,#808080,white,,>>INDEFINIDO<<,https://drive.google.com/uc?export=view&id=11VWfBy51eGCCruMNWiIskYNhiNusGAsJ,(*) INDEFINIDO,,"-25,4295699","-49,2697609"
000-INDEFINIDO,fa-exclamation,#808080,white,,>>INDEFINIDO<<,https://drive.google.com/uc?export=view&id=11cFeTgPLEfBbinZTucN4rmZqRVrzGWfu,(*) INDEFINIDO,,"-25,4295784","-49,2697596"
000-INDEFINIDO,fa-exclamation,#808080,white,,>>INDEFINIDO<<,https://drive.google.com/uc?export=view&id=11eW5hqgTKeEu0d2tVHwTA7KN6suvOd1M,(*) INDEFINIDO,,"-25,4295999","-49,269744"
000-INDEFINIDO,fa-exclamation,#808080,white,,>>INDEFINIDO<<,https://drive.google.com/uc?export=view&id=11s0hHMFsTjOy4QH-c6krXAZv_3R_QMHm,(*) INDEFINIDO,,"-25,4295869","-49,2697187"
000-INDEFINIDO,fa-exclamation,#808080,white,,>>INDEFINIDO<<,https://drive.google.com/uc?export=view&id=11sGhxXzHGHEBvftixfZISTscNm60ZdfA,(*) INDEFINIDO,,"-25,4295879","-49,2697291"
000-INDEFINIDO,fa-exclamation,#808080,white,,>>INDEFINIDO<<,https://drive.google.com/uc?export=view&id=11xMaBPp3CMXl6OZY3j7fXU85yhsFoiyK,(*) INDEFINIDO,,"-25,4296662","-49,2701875"
000-INDEFINIDO,fa-exclamation,#808080,white,,>>INDEFINIDO<<,https://drive.google.com/uc?export=view&id=11yb0s-XjaouOBZoc3k9GhK9VSZtF83Iw,(*) INDEFINIDO,,"-25,4298072","-49,2705967"
000-INDEFINIDO,fa-exclamation,#808080,white,,>>INDEFINIDO<<,https://drive.google.com/uc?export=view&id=121d-7x96prQ3es1og8q-WHFkV0XzR4WL,(*) INDEFINIDO,,"-25,4297193","-49,2703511"
000-INDEFINIDO,fa-exclamation,#808080,white,,>>INDEFINIDO<<,https://drive.google.com/uc?export=view&id=122_GTNNC7drgumxyqHriEQXHrvPr2DBK,(*) INDEFINIDO,,"-25,4298191","-49,2706027"
000-INDEFINIDO,fa-exclamation,#808080,white,,>>INDEFINIDO<<,https://drive.google.com/uc?export=view&id=12JjsgExLekC44HShF6F7QFvLOsHqhcDx,(*) INDEFINIDO,,"-25,4297071","-49,270364"
000-INDEFINIDO,fa-exclamation,#808080,white,,>>INDEFINIDO<<,https://drive.google.com/uc?export=view&id=12NZ6NkQo4Z-_fuYnyilHYItHuRxeNlx6,(*) INDEFINIDO,,"-25,4286432","-49,2710763"
000-INDEFINIDO,fa-exclamation,#808080,white,,>>INDEFINIDO<<,https://drive.google.com/uc?export=view&id=12OGULq9bMF4muRfQJOB2FhCBzp2AcKUo,(*) INDEFINIDO,,"-25,4281172","-49,2710737"
000-INDEFINIDO,fa-exclamation,#808080,white,,>>INDEFINIDO<<,https://drive.google.com/uc?export=view&id=12U1S8rHwewLSpIaAW71dYsc2pmx42zLF,(*) INDEFINIDO,,"-25,4284059","-49,2711409"
000-INDEFINIDO,fa-exclamation,#808080,white,,>>INDEFINIDO<<,https://drive.google.com/uc?export=view&id=12W1KCqBsKwRanJLNxjn-iOW7u5i9yuKU,(*) INDEFINIDO,,"-25,4281212","-49,2710805"
000-INDEFINIDO,fa-exclamation,#808080,white,,>>INDEFINIDO<<,https://drive.google.com/uc?export=view&id=12hJ_UpLG-4CI1KWO_kGE_zBShQrn3xtD,(*) INDEFINIDO,,"-25,4293974","-49,2713447"
000-INDEFINIDO,fa-exclamation,#808080,white,,>>INDEFINIDO<<,https://drive.google.com/uc?export=view&id=12he0NObZoKC4ncjmF34Bz8EvtNV7UsOX,(*) INDEFINIDO,,"-25,4292292","-49,2713473"
000-INDEFINIDO,fa-exclamation,#808080,white,,>>INDEFINIDO<<,https://drive.google.com/uc?export=view&id=12i-g_Z9MbP3Qh3YB2XvgJVx0KDzaXouA,(*) INDEFINIDO,,"-25,4278528","-49,2715092"
000-INDEFINIDO,fa-exclamation,#808080,white,,>>INDEFINIDO<<,https://drive.google.com/uc?export=view&id=12mGuW-2HCe4C7SL3AuLvotNr9wgnQFyT,(*) INDEFINIDO,,"-25,4287959","-49,2712323"
000-INDEFINIDO,fa-exclamation,#808080,white,,>>INDEFINIDO<<,https://drive.google.com/uc?export=view&id=12msATklbfz2J02WVZHHHCf5vQjVrdr8Y,(*) INDEFINIDO,,"-25,4288038","-49,271252"
000-INDEFINIDO,fa-exclamation,#808080,white,,>>INDEFINIDO<<,https://drive.google.com/uc?export=view&id=12o7itub0BuTFkq2Pyp4jh5Ja4gcCqrq4,(*) INDEFINIDO,,"-25,4278949","-49,271482"
000-INDEFINIDO,fa-exclamation,#808080,white,,>>INDEFINIDO<<,https://drive.google.com/uc?export=view&id=12r5-0gjyyZFs1779WnLPQSxpb1Luah2O,(*) INDEFINIDO,,"-25,4278466","-49,2715412"
000-INDEFINIDO,fa-exclamation,#808080,white,,>>INDEFINIDO<<,https://drive.google.com/uc?export=view&id=12xZP4pOQJewXJuWCwjel8Yfy1d2oDkat,(*) INDEFINIDO,,"-25,4280555","-49,2710123"
000-INDEFINIDO,fa-exclamation,#808080,white,,>>INDEFINIDO<<,https://drive.google.com/uc?export=view&id=12xZnBv9dksOLiOC8r7L9W4u1eqxOmhBf,(*) INDEFINIDO,,"-25,4277818","-49,2720625"
000-INDEFINIDO,fa-exclamation,#808080,white,,>>INDEFINIDO<<,https://drive.google.com/uc?export=view&id=12zlm8o1Xz4FOm1McJiRuNWDqtRBdHfXC,(*) INDEFINIDO,,"-25,427779","-49,2717218"
000-INDEFINIDO,fa-exclamation,#808080,white,,>>INDEFINIDO<<,https://drive.google.com/uc?export=view&id=133ZA3qydL5CiMQLOG_z2kyeJyib2ScmZ,(*) INDEFINIDO,,"-25,4277497","-49,2720409"
000-INDEFINIDO,fa-exclamation,#808080,white,,>>INDEFINIDO<<,https://drive.google.com/uc?export=view&id=133yWHaK3DV8pAObJ6UJuwp_SghLufObx,(*) INDEFINIDO,,"-25,4276794","-49,2719769"
000-INDEFINIDO,fa-exclamation,#808080,white,,>>INDEFINIDO<<,https://drive.google.com/uc?export=view&id=133z-RmR0Zwl85o6dtjzrWT-7X_7QuuCi,(*) INDEFINIDO,,"-25,4280749","-49,2722315"
000-INDEFINIDO,fa-exclamation,#808080,white,,>>INDEFINIDO<<,https://drive.google.com/uc?export=view&id=139Xzz0YJ5rc2ZFYGEnbD5FSsCOoveW1m,(*) INDEFINIDO,,"-25,427913","-49,2720341"
000-INDEFINIDO,fa-exclamation,#808080,white,,>>INDEFINIDO<<,https://drive.google.com/uc?export=view&id=13Hs12AFSvlIDRhtVQF5VqyqlvZtuoMGR,(*) INDEFINIDO,,"-25,4281252","-49,2721851"
000-INDEFINIDO,fa-exclamation,#808080,white,,>>INDEFINIDO<<,https://drive.google.com/uc?export=view&id=13NCAtXIhCUwzAPJWoQ-fqXM7nD8I-5gi,(*) INDEFINIDO,,"-25,4281438","-49,2722171"
000-INDEFINIDO,fa-exclamation,#808080,white,,>>INDEFINIDO<<,https://drive.google.com/uc?export=view&id=13RrGYftMaOWbi_XfrgV2f_GxDxkJCw1E,(*) INDEFINIDO,,"-25,4278572","-49,2721039"
000-INDEFINIDO,fa-exclamation,#808080,white,,>>INDEFINIDO<<,https://drive.google.com/uc?export=view&id=13fAzrjjNSrbe2ixLEl3EL8o3L7Tt8EUt,(*) INDEFINIDO,,"-25,4281639","-49,2722078"
000-INDEFINIDO,fa-exclamation,#808080,white,,>>INDEFINIDO<<,https://drive.google.com/uc?export=view&id=13kH8_xaJ5_rf6jg7z3oJhs3KQrq_IN5l,(*) INDEFINIDO,,"-25,4278616","-49,2720742"
000-INDEFINIDO,fa-exclamation,#808080,white,,>>INDEFINIDO<<,https://drive.google.com/uc?export=view&id=13q8DVHxi3AgISE_otap_Bxn4OQD1cjLO,(*) INDEFINIDO,,"-25,427845","-49,2720791"
000-INDEFINIDO,fa-exclamation,#808080,white,,>>INDEFINIDO<<,https://drive.google.com/uc?export=view&id=15CcHju2z4nQqng4tITFEv8KitxGLym5M,(*) INDEFINIDO,,"-25,4274112","-49,2739394"
000-INDEFINIDO,fa-exclamation,#808080,white,,>>INDEFINIDO<<,https://drive.google.com/uc?export=view&id=15NS_QNBYgg0lFAi4JJg8K1nlHxnvna4h,(*) INDEFINIDO,,"-25,4274104","-49,273974"
000-INDEFINIDO,fa-exclamation,#808080,white,,>>INDEFINIDO<<,https://drive.google.com/uc?export=view&id=15jODuxGv4CiOPen5hmSN6iWut8EmBcFI,(*) INDEFINIDO,,"-25,4274333","-49,2739205"
000-INDEFINIDO,fa-exclamation,#808080,white,,>>INDEFINIDO<<,https://drive.google.com/uc?export=view&id=15jPMFJWXj35wevTnFYHpSnZ2GgOaDfUU,(*) INDEFINIDO,,"-25,427387","-49,2738864"
000-INDEFINIDO,fa-exclamation,#808080,white,,>>INDEFINIDO<<,https://drive.google.com/uc?export=view&id=15l1mUjf32WreDGEKtK7MjgFKHHHOL9py,(*) INDEFINIDO,,"-25,4273891","-49,273889"
000-INDEFINIDO,fa-exclamation,#808080,white,,>>INDEFINIDO<<,https://drive.google.com/uc?export=view&id=15rzuR_MfJonKQqHvpyFhmk-dsDuvhJSM,(*) INDEFINIDO,,"-25,4274286","-49,273933"
000-INDEFINIDO,fa-exclamation,#808080,white,,>>INDEFINIDO<<,https://drive.google.com/uc?export=view&id=15t147LBg3e413v2HbdEf2RZNFiqBJ-UP,(*) INDEFINIDO,,"-25,4268348","-49,2737559"
000-INDEFINIDO,fa-exclamation,#808080,white,,>>INDEFINIDO<<,https://drive.google.com/uc?export=view&id=16-0UV9X_3mCoext6UCJ10aUwbvZbO5OG,(*) INDEFINIDO,,"-25,4269577","-49,2738343"
000-INDEFINIDO,fa-exclamation,#808080,white,,>>INDEFINIDO<<,https://drive.google.com/uc?export=view&id=160APDAhHOwXUUuYGkD8Y4pTYwf9Oa5wH,(*) INDEFINIDO,,"-25,4268817","-49,2737852"
000-INDEFINIDO,fa-exclamation,#808080,white,,>>INDEFINIDO<<,https://drive.google.com/uc?export=view&id=165msBXfD0RhGLgGbnTGIUaqNvHoAsP3K,(*) INDEFINIDO,,"-25,427026","-49,2738913"
000-INDEFINIDO,fa-exclamation,#808080,white,,>>INDEFINIDO<<,https://drive.google.com/uc?export=view&id=168RN5lZ_3UMg7IU02mdaTR6hfYQiGbM6,(*) INDEFINIDO,,"-25,4270653","-49,2738652"
000-INDEFINIDO,fa-exclamation,#808080,white,,>>INDEFINIDO<<,https://drive.google.com/uc?export=view&id=169-3uiu5gMt8V5sX_4TJnQCIzuNHrhvA,(*) INDEFINIDO,,"-25,427324","-49,2739759"
000-INDEFINIDO,fa-exclamation,#808080,white,,>>INDEFINIDO<<,https://drive.google.com/uc?export=view&id=169R4kOKNxD8KvbBk_nH0LO3AMzIk5JkZ,(*) INDEFINIDO,,"-25,4273249","-49,2739784"
000-INDEFINIDO,fa-exclamation,#808080,white,,>>INDEFINIDO<<,https://drive.google.com/uc?export=view&id=16Bc1Y0bbICjmPt47w7UhxWiplLN4ppds,(*) INDEFINIDO,,"-25,4267337","-49,2737553"
000-INDEFINIDO,fa-exclamation,#808080,white,,>>INDEFINIDO<<,https://drive.google.com/uc?export=view&id=16NuRDZw5-Lb0q34m6EuEBS9IJTNg_z1G,(*) INDEFINIDO,,"-25,4267241","-49,2737492"
000-INDEFINIDO,fa-exclamation,#808080,white,,>>INDEFINIDO<<,https://drive.google.com/uc?export=view&id=16QoloreiHh0XfQzPj04SNp5sIhigf28t,(*) INDEFINIDO,,"-25,4262252","-49,2739131"
000-INDEFINIDO,fa-exclamation,#808080,white,,>>INDEFINIDO<<,https://drive.google.com/uc?export=view&id=16UU5QTX49SRq9RhLg83Q6JOCbhiLbBGk,(*) INDEFINIDO,,"-25,4264798","-49,2738198"
000-INDEFINIDO,fa-exclamation,#808080,white,,>>INDEFINIDO<<,https://drive.google.com/uc?export=view&id=16WVYgEQns0kinyOcIKJgMrQbbN92_Ki4,(*) INDEFINIDO,,"-25,4262155","-49,27391"
000-INDEFINIDO,fa-exclamation,#808080,white,,>>INDEFINIDO<<,https://drive.google.com/uc?export=view&id=16bj1Yd8XB2NYipiYYB-bcPDih1NgrS45,(*) INDEFINIDO,,"-25,4260014","-49,2738706"
000-INDEFINIDO,fa-exclamation,#808080,white,,>>INDEFINIDO<<,https://drive.google.com/uc?export=view&id=16i-L5qLzpcCIt3FL0UqB6QC6Y6epx1SM,(*) INDEFINIDO,,"-25,4257313","-49,2738914"
000-INDEFINIDO,fa-exclamation,#808080,white,,>>INDEFINIDO<<,https://drive.google.com/uc?export=view&id=16lJA9FQA-eiIEUdjTkuW4561yOOt2DsX,(*) INDEFINIDO,,"-25,4255047","-49,2739248"
000-INDEFINIDO,fa-exclamation,#808080,white,,>>INDEFINIDO<<,https://drive.google.com/uc?export=view&id=16lKky7DhgMGKTe8Kr4Py_8BnugkFzoeB,(*) INDEFINIDO,,"-25,4257234","-49,2738865"
000-INDEFINIDO,fa-exclamation,#808080,white,,>>INDEFINIDO<<,https://drive.google.com/uc?export=view&id=16peW5-5M6m4vUeoiMVM5ZoGnjjHHAios,(*) INDEFINIDO,,"-25,4260107","-49,2738618"
000-INDEFINIDO,fa-exclamation,#808080,white,,>>INDEFINIDO<<,https://drive.google.com/uc?export=view&id=171ISdgWdqoaYAWmbq9qgc9icL7NeuDtq,(*) INDEFINIDO,,"-25,4252403","-49,2739365"
000-INDEFINIDO,fa-exclamation,#808080,white,,>>INDEFINIDO<<,https://drive.google.com/uc?export=view&id=17EG6Luigad_h0Ze94ih3V6hnVevUexD1,(*) INDEFINIDO,,"-25,4253306","-49,2740492"
000-INDEFINIDO,fa-exclamation,#808080,white,,>>INDEFINIDO<<,https://drive.google.com/uc?export=view&id=17HF4E4QkjPA1Nmir54BU26bPpJVdZbGv,(*) INDEFINIDO,,"-25,4253978","-49,2739903"
000-INDEFINIDO,fa-exclamation,#808080,white,,>>INDEFINIDO<<,https://drive.google.com/uc?export=view&id=17IaxVIs_SSdbRf4qtdQ3hA8fWBGAQR_e,(*) INDEFINIDO,,"-25,4252509","-49,2744739"
000-INDEFINIDO,fa-exclamation,#808080,white,,>>INDEFINIDO<<,https://drive.google.com/uc?export=view&id=17LyYP5ziHWdHoS5yLBsunz4nIcNeWDIO,(*) INDEFINIDO,,"-25,4252573","-49,2744721"
000-INDEFINIDO,fa-exclamation,#808080,white,,>>INDEFINIDO<<,https://drive.google.com/uc?export=view&id=1-BsUvjOO4TCHT-mg4yWiNDjYc2jg68Nv,(*) INDEFINIDO,,"-25,425423","-49,2738253"
000-INDEFINIDO,fa-exclamation,#808080,white,,>>INDEFINIDO<<,https://drive.google.com/uc?export=view&id=10V29F6U1L-biJFedKUrUYY-gjQMMdWbk,(*) INDEFINIDO,,"-25,4267106","-49,2718315"
000-INDEFINIDO,fa-exclamation,#808080,white,,>>INDEFINIDO<<,https://drive.google.com/uc?export=view&id=13AxOGICo0s9-C-5-kzK_BexE4peMY6x6,(*) INDEFINIDO,,"-25,4277834","-49,2720624"
000-INDEFINIDO,fa-exclamation,#808080,white,,>>INDEFINIDO<<,https://drive.google.com/uc?export=view&id=1uM991A2ue8-KkoiUCKGpdPtZXrxBcS3F,(*) INDEFINIDO,,"-25,4281705","-49,271171"
000-INDEFINIDO,fa-exclamation,#808080,white,,>>INDEFINIDO<<,https://drive.google.com/uc?export=view&id=1bTt0Br-A9K6jI3aByyVVgq4YH5ZtDR-y,(*) INDEFINIDO,,"-25,4279392","-49,2710222"
000-INDEFINIDO,fa-exclamation,#808080,white,,>>INDEFINIDO<<,https://drive.google.com/uc?export=view&id=1WkAz72aJ2vrzXB7ED2kYJkFmbMeK-dAx,(*) INDEFINIDO,,"-25,4293899","-49,2713605"
000-INDEFINIDO,fa-exclamation,#808080,white,,>>INDEFINIDO<<,https://drive.google.com/uc?export=view&id=1U9qPI4h1QlWzot_GPCLuzE32RwSxZBNJ,(*) INDEFINIDO,,"-25,4283373","-49,2718102"
000-INDEFINIDO,fa-exclamation,#808080,white,,>>INDEFINIDO<<,https://drive.google.com/uc?export=view&id=1RzlK3-_cIo7iLLGRGAjDjx3H2ZlYvl8K,(*) INDEFINIDO,,"-25,4293368","-49,2716557"
000-INDEFINIDO,fa-exclamation,#808080,white,,>>INDEFINIDO<<,https://drive.google.com/uc?export=view&id=1RT1QDpMaS9WpfZKP66Js0abW11r0wybZ,(*) INDEFINIDO,,"-25,4283299","-49,2717391"
000-INDEFINIDO,fa-exclamation,#808080,white,,>>INDEFINIDO<<,https://drive.google.com/uc?export=view&id=1Np3xWWhbaFli2DeM5-gfgXCK6ZpYWT8S,(*) INDEFINIDO,,"-25,4297654","-49,2701998"
000-INDEFINIDO,fa-exclamation,#808080,white,,>>INDEFINIDO<<,https://drive.google.com/uc?export=view&id=1Ka5sR5Qf1v8e3qqQjswklFDfV5e1m0fR,(*) INDEFINIDO,,"-25,4297449","-49,2703709"
000-INDEFINIDO,fa-exclamation,#808080,white,,>>INDEFINIDO<<,https://drive.google.com/uc?export=view&id=1IP7vvwe5JjioQ3twBeKJgM-uqxQDzJ8W,(*) INDEFINIDO,,"-25,4283371","-49,2718864"
000-INDEFINIDO,fa-exclamation,#808080,white,,>>INDEFINIDO<<,https://drive.google.com/uc?export=view&id=15zDzKW6XdES69uXqV6EIlJVoVnSXuPjT,(*) INDEFINIDO,,"-25,428473","-49,2706876"
000-INDEFINIDO,fa-exclamation,#808080,white,,>>INDEFINIDO<<,https://drive.google.com/uc?export=view&id=1sKmMVX3ZNlF9iu775Uz5Ia3T6KWmhtHN,(*) INDEFINIDO,,"-25,4276228","-49,2742778"
000-INDEFINIDO,fa-exclamation,#808080,white,,>>INDEFINIDO<<,https://drive.google.com/uc?export=view&id=1rG-cTDjNNauqEgVi8N94t8Y-VcTOEWNU,(*) INDEFINIDO,,"-25,4276885","-49,2722578"
000-INDEFINIDO,fa-exclamation,#808080,white,,>>INDEFINIDO<<,https://drive.google.com/uc?export=view&id=1mT52LVHP1FVtQ1LJcV243RZp3Kbw52VY,(*) INDEFINIDO,,"-25,4277343","-49,2722032"
000-INDEFINIDO,fa-exclamation,#808080,white,,>>INDEFINIDO<<,https://drive.google.com/uc?export=view&id=1kkhBEqEqxDcVFWdj9dWsw4on1iYzWSMB,(*) INDEFINIDO,,"-25,4279233","-49,2709935"
000-INDEFINIDO,fa-exclamation,#808080,white,,>>INDEFINIDO<<,https://drive.google.com/uc?export=view&id=1fMRShylNHRJpbRUascTfUbDF8GHF3sQC,(*) INDEFINIDO,,"-25,4277508","-49,2721473"
000-INDEFINIDO,fa-exclamation,#808080,white,,>>INDEFINIDO<<,https://drive.google.com/uc?export=view&id=1ccMX5vbWHp4XLddtqtmHGcIiUifSjjYo,(*) INDEFINIDO,,"-25,4275284","-49,2728349"
000-INDEFINIDO,fa-exclamation,#808080,white,,>>INDEFINIDO<<,https://drive.google.com/uc?export=view&id=1_i9dh6D5EMwa8COIJCPMrdSzXS7VNVm3,(*) INDEFINIDO,,"-25,4275661","-49,2726496"
000-INDEFINIDO,fa-exclamation,#808080,white,,>>INDEFINIDO<<,https://drive.google.com/uc?export=view&id=1ZMogSndcDdcM8l_X33cgu76svKTTUmQl,(*) INDEFINIDO,,"-25,4277873","-49,2719367"
000-INDEFINIDO,fa-exclamation,#808080,white,,>>INDEFINIDO<<,https://drive.google.com/uc?export=view&id=1Z88gJpi9K-uz1fO_E9-AjhrrSpqWZ_fo,(*) INDEFINIDO,,"-25,4277305","-49,2717359"
000-INDEFINIDO,fa-exclamation,#808080,white,,>>INDEFINIDO<<,https://drive.google.com/uc?export=view&id=1FXpmfRJcniGhm0Ddg9TFt79Pud1XvAsJ,(*) INDEFINIDO,,"-25,4275665","-49,2726852"
000-INDEFINIDO,fa-exclamation,#808080,white,,>>INDEFINIDO<<,https://drive.google.com/uc?export=view&id=1rj1tc4HPtFiCq9a9FWsA_u3QHdfk7Uko,(*) INDEFINIDO,,"-25,4275174","-49,2731234"
000-INDEFINIDO,fa-exclamation,#808080,white,,>>INDEFINIDO<<,https://drive.google.com/uc?export=view&id=1oLDDIO73HkZOiB7d2QOkXXI0-UJ-sgVA,(*) INDEFINIDO,,"-25,4272817","-49,2742202"
000-INDEFINIDO,fa-exclamation,#808080,white,,>>INDEFINIDO<<,https://drive.google.com/uc?export=view&id=1n982zYEyQBteSBmhP9Aq2TZfMnIjAYnB,(*) INDEFINIDO,,"-25,4275094","-49,2737185"
000-INDEFINIDO,fa-exclamation,#808080,white,,>>INDEFINIDO<<,https://drive.google.com/uc?export=view&id=1mLlrzIl2I3j8goh3oaLcS6fG0mxBYv-r,(*) INDEFINIDO,,"-25,4268133","-49,2718132"
000-INDEFINIDO,fa-exclamation,#808080,white,,>>INDEFINIDO<<,https://drive.google.com/uc?export=view&id=1cen2L6Lf3-k4o8esw8k03AXlvPSzv7FJ,(*) INDEFINIDO,,"-25,4268107","-49,2717905"
000-INDEFINIDO,fa-exclamation,#808080,white,,>>INDEFINIDO<<,https://drive.google.com/uc?export=view&id=1NSqtfDDly4lD4S9Tnlv_Q8TUJWLtCe82,(*) INDEFINIDO,,"-25,4274871","-49,2728568"
000-INDEFINIDO,fa-exclamation,#808080,white,,>>INDEFINIDO<<,https://drive.google.com/uc?export=view&id=1NNJPSaFqTZpB8BQoh8wVYeoL8Y4uDaX1,(*) INDEFINIDO,,"-25,4275126","-49,2736145"
000-INDEFINIDO,fa-exclamation,#808080,white,,>>INDEFINIDO<<,https://drive.google.com/uc?export=view&id=1AMOsTQLkz8rqvwbl2gciNzrHLEsT6Tao,(*) INDEFINIDO,,"-25,4275094","-49,2737128"
000-INDEFINIDO,fa-exclamation,#808080,white,,>>INDEFINIDO<<,https://drive.google.com/uc?export=view&id=18AYPdmb6388UTQJptkF1lX87C50SnoYQ,(*) INDEFINIDO,,"-25,4275073","-49,2723516"
000-INDEFINIDO,fa-exclamation,#808080,white,,>>INDEFINIDO<<,https://drive.google.com/uc?export=view&id=16aBFPGBLzUkF_kWWA8n3AjIeW4ENbERp,(*) INDEFINIDO,,"-25,4272817","-49,2742202"
000-INDEFINIDO,fa-exclamation,#808080,white,,>>INDEFINIDO<<,https://drive.google.com/uc?export=view&id=1kydGFAO10pZJIGnDvQglg5r2OqddMoJS,(*) INDEFINIDO,,"-25,4257428","-49,2726777"
000-INDEFINIDO,fa-exclamation,#808080,white,,>>INDEFINIDO<<,https://drive.google.com/uc?export=view&id=1hdiyLMEN4StSA_ZJJ5U_JWGoUTRyZTPw,(*) INDEFINIDO,,"-25,4256308","-49,2721497"
000-INDEFINIDO,fa-exclamation,#808080,white,,>>INDEFINIDO<<,https://drive.google.com/uc?export=view&id=1Zi11oqoGpn8uQ6Y3x7HiO0h9bW4fLo3r,(*) INDEFINIDO,,"-25,4264518","-49,273629"
000-INDEFINIDO,fa-exclamation,#808080,white,,>>INDEFINIDO<<,https://drive.google.com/uc?export=view&id=1SEnDT63jzobL2l-M-2mHS5SsERZbCqR1,(*) INDEFINIDO,,"-25,4265137","-49,2735511"
000-INDEFINIDO,fa-exclamation,#808080,white,,>>INDEFINIDO<<,https://drive.google.com/uc?export=view&id=1EST7ChNWIup06uvTYcvbcEEWOIJDOzrd,(*) INDEFINIDO,,"-25,4255837","-49,2732449"
000-INDEFINIDO,fa-exclamation,#808080,white,,>>INDEFINIDO<<,https://drive.google.com/uc?export=view&id=1DuDyAL3Rbg7KSADFFriTQfFZp7yzPpyF,(*) INDEFINIDO,,"-25,4257054","-49,2721765"
000-INDEFINIDO,fa-exclamation,#808080,white,,>>INDEFINIDO<<,https://drive.google.com/uc?export=view&id=1BohHgM7BgdbHhMfqTaC3anTxuq86AqaH,(*) INDEFINIDO,,"-25,4264452","-49,2736201"
000-INDEFINIDO,fa-exclamation,#808080,white,,>>INDEFINIDO<<,https://drive.google.com/uc?export=view&id=172M33Q2_LH-ARPKTjvfuQTUIkDK07qpu,(*) INDEFINIDO,,"-25,4263516","-49,2716883"
000-INDEFINIDO,fa-exclamation,#808080,white,,>>INDEFINIDO<<,https://drive.google.com/uc?export=view&id=14BnckKKyMo2qOkfZMQrRv_TtcfqKtwUv,(*) INDEFINIDO,,"-25,4264663","-49,2736075"
000-INDEFINIDO,fa-exclamation,#808080,white,,>>INDEFINIDO<<,https://drive.google.com/uc?export=view&id=10oKNlLgUURqZ3NHB22ANqS5UYsCml-wm,(*) INDEFINIDO,,"-25,4256836","-49,272541"
000-INDEFINIDO,fa-exclamation,#808080,white,,>>INDEFINIDO<<,https://drive.google.com/uc?export=view&id=1GMcouPIYtXJOC6uPQqGbCp3g_GaOm42H,(*) INDEFINIDO,,"-25,4254734","-49,2743018"
000-INDEFINIDO,fa-exclamation,#808080,white,,>>INDEFINIDO<<,https://drive.google.com/uc?export=view&id=180KD15FvZj5QIkyjX8VnoC5GtCcNRrl2,(*) INDEFINIDO,,"-25,427595","-49,274311"
000-INDEFINIDO,fa-exclamation,#808080,white,,>>INDEFINIDO<<,https://drive.google.com/uc?export=view&id=1soJLuAej5rMxjpl3RrS71nQw5bd58pIU,(*) INDEFINIDO,,"-25,4265883","-49,2736576"
000-INDEFINIDO,fa-exclamation,#808080,white,,>>INDEFINIDO<<,https://drive.google.com/uc?export=view&id=1st-ziVMKeWVeFIX6n__sVfGoruzG8Q7b,(*) INDEFINIDO,,"-25,4254523","-49,2739024"
000-INDEFINIDO,fa-exclamation,#808080,white,,>>INDEFINIDO<<,https://drive.google.com/uc?export=view&id=1stneLod5U8B2hNMplGaBRzyzEfbvC5Z0,(*) INDEFINIDO,,"-25,4281693","-49,2711677"
000-INDEFINIDO,fa-exclamation,#808080,white,,>>INDEFINIDO<<,https://drive.google.com/uc?export=view&id=1su0ToseCIehbDOzLyD8rtX1C1kOFwLWg,(*) INDEFINIDO,,"-25,4281693","-49,2711677"
000-INDEFINIDO,fa-exclamation,#808080,white,,>>INDEFINIDO<<,https://drive.google.com/uc?export=view&id=1swEpWM1mCe2oloKb1IVr0-xvcfgfI-Dr,(*) INDEFINIDO,,"-25,4284599","-49,2712112"
000-INDEFINIDO,fa-exclamation,#808080,white,,>>INDEFINIDO<<,https://drive.google.com/uc?export=view&id=1swpkAW19SmQldTSSHdbHlcj1Xeou8gWK,(*) INDEFINIDO,,"-25,42859","-49,2711348"
000-INDEFINIDO,fa-exclamation,#808080,white,,>>INDEFINIDO<<,https://drive.google.com/uc?export=view&id=1tLAo8cgg5ecazsv4kUTK_eymXdZxl8O-,(*) INDEFINIDO,,"-25,4287294","-49,271155"
000-INDEFINIDO,fa-exclamation,#808080,white,,>>INDEFINIDO<<,https://drive.google.com/uc?export=view&id=1tPcNJC9vEkFt4jufd3--C1o3gW9jvTRj,(*) INDEFINIDO,,"-25,4288502","-49,2712271"
000-INDEFINIDO,fa-exclamation,#808080,white,,>>INDEFINIDO<<,https://drive.google.com/uc?export=view&id=1tTrXioKwx80RrpGOespVlFWLQ6R7thJK,(*) INDEFINIDO,,"-25,4288798","-49,271265"
000-INDEFINIDO,fa-exclamation,#808080,white,,>>INDEFINIDO<<,https://drive.google.com/uc?export=view&id=1tVEw3XTyjsnXiS_N9v490FK020eKmBnQ,(*) INDEFINIDO,,"-25,4291722","-49,271259"
000-INDEFINIDO,fa-exclamation,#808080,white,,>>INDEFINIDO<<,https://drive.google.com/uc?export=view&id=1tfI9pPP9JSzsDLmxmviYcfYF_lCqth2b,(*) INDEFINIDO,,"-25,4291722","-49,271259"
000-INDEFINIDO,fa-exclamation,#808080,white,,>>INDEFINIDO<<,https://drive.google.com/uc?export=view&id=1tqvGmjTcPbSl1gs9oifSAgN6nN89YQgo,(*) INDEFINIDO,,"-25,4292644","-49,2713665"
000-INDEFINIDO,fa-exclamation,#808080,white,,>>INDEFINIDO<<,https://drive.google.com/uc?export=view&id=1tv88cNAwVt-dVyf0LRCLa_5okhknjiwg,(*) INDEFINIDO,,"-25,4297909","-49,2706655"
000-INDEFINIDO,fa-exclamation,#808080,white,,>>INDEFINIDO<<,https://drive.google.com/uc?export=view&id=1tvdfHX-qBzSBKJhDSWEggq2b6OmudumU,(*) INDEFINIDO,,"-25,4297429","-49,2705308"
000-INDEFINIDO,fa-exclamation,#808080,white,,>>INDEFINIDO<<,https://drive.google.com/uc?export=view&id=1tw52qomhxQ7K4Mzc4Q2ePkrZEZ5wXXZh,(*) INDEFINIDO,,"-25,4298184","-49,2703454"
000-INDEFINIDO,fa-exclamation,#808080,white,,>>INDEFINIDO<<,https://drive.google.com/uc?export=view&id=1txkIMVRRyl4Y9xs9rYcU0J7L8bFx7oek,(*) INDEFINIDO,,"-25,4297348","-49,270343"
000-INDEFINIDO,fa-exclamation,#808080,white,,>>INDEFINIDO<<,https://drive.google.com/uc?export=view&id=1txtdva8SCCmx3KwDkUYFCA7m4gOHkj0c,(*) INDEFINIDO,,"-25,4291268","-49,2700935"
000-INDEFINIDO,fa-exclamation,#808080,white,,>>INDEFINIDO<<,https://drive.google.com/uc?export=view&id=1u-D6sgJFPb8BQSW4ck-1NxH456PWrsR7,(*) INDEFINIDO,,"-25,4291268","-49,2700935"
000-INDEFINIDO,fa-exclamation,#808080,white,,>>INDEFINIDO<<,https://drive.google.com/uc?export=view&id=1u1KG6X6Sv8KKJj3fdWFOQSyNuqsMQzQR,(*) INDEFINIDO,,"-25,4291404","-49,2701181"
000-INDEFINIDO,fa-exclamation,#808080,white,,>>INDEFINIDO<<,https://drive.google.com/uc?export=view&id=1u4izIcDSZtpmolficm57DNqv6f--QZ0a,(*) INDEFINIDO,,"-25,4291404","-49,2701181"
000-INDEFINIDO,fa-exclamation,#808080,white,,>>INDEFINIDO<<,https://drive.google.com/uc?export=view&id=1uJPpT-MdS4Qt_XHrvUg9sg22Ho4VTEXm,(*) INDEFINIDO,,"-25,4284854","-49,2704101"
000-INDEFINIDO,fa-exclamation,#808080,white,,>>INDEFINIDO<<,https://drive.google.com/uc?export=view&id=1uK2c4bhgU6IL9VwrRukxvUd-rBdi8vEy,(*) INDEFINIDO,,"-25,4285085","-49,2705872"
000-INDEFINIDO,fa-exclamation,#808080,white,,>>INDEFINIDO<<,https://drive.google.com/uc?export=view&id=1uMg7fQbu_PcXnTgvys6ElOtpVLxbh5sh,(*) INDEFINIDO,,"-25,4285085","-49,2705872"
000-INDEFINIDO,fa-exclamation,#808080,white,,>>INDEFINIDO<<,https://drive.google.com/uc?export=view&id=1uPEEjV4M9Dsfa6az6GpYIgT1LjM2OsHI,(*) INDEFINIDO,,"-25,4280825","-49,2710579"
000-INDEFINIDO,fa-exclamation,#808080,white,,>>INDEFINIDO<<,https://drive.google.com/uc?export=view&id=1uZ1d-DOGuHs9dd2QyqAnxnDjcT2qNOdm,(*) INDEFINIDO,,"-25,4280825","-49,2710579"
000-INDEFINIDO,fa-exclamation,#808080,white,,>>INDEFINIDO<<,https://drive.google.com/uc?export=view&id=1u_hjQIkTxbozGu7RXE6JjfMc4n2KqgVT,(*) INDEFINIDO,,"-25,4280618","-49,2710535"
000-INDEFINIDO,fa-exclamation,#808080,white,,>>INDEFINIDO<<,https://drive.google.com/uc?export=view&id=1ugYajwFggWaenKjI-8gr7mJSYNH-4PpR,(*) INDEFINIDO,,"-25,4280261","-49,2710409"
000-INDEFINIDO,fa-exclamation,#808080,white,,>>INDEFINIDO<<,https://drive.google.com/uc?export=view&id=1ugf1zOLVSpOTKxrZXZ2brsQO6-Q5zn91,(*) INDEFINIDO,,"-25,4279598","-49,2710048"
000-INDEFINIDO,fa-exclamation,#808080,white,,>>INDEFINIDO<<,https://drive.google.com/uc?export=view&id=1upKEde0PSBP1EMnXFkMADdnTfPx7p8pR,(*) INDEFINIDO,,"-25,427941","-49,2709477"
000-INDEFINIDO,fa-exclamation,#808080,white,,>>INDEFINIDO<<,https://drive.google.com/uc?export=view&id=1ux4RHm-xW7eeuaC6Zft2BBrf9KQH6L6x,(*) INDEFINIDO,,"-25,4279588","-49,2709674"
000-INDEFINIDO,fa-exclamation,#808080,white,,>>INDEFINIDO<<,https://drive.google.com/uc?export=view&id=1v-ZQT-Vin8n8ENDjuURKdOGosDRr5kqW,(*) INDEFINIDO,,"-25,4279303","-49,2709617"
000-INDEFINIDO,fa-exclamation,#808080,white,,>>INDEFINIDO<<,https://drive.google.com/uc?export=view&id=1vBbxJ0kbEG-KWTvecoI2dpBBQ18u7Eht,(*) INDEFINIDO,,"-25,4279303","-49,2709617"
000-INDEFINIDO,fa-exclamation,#808080,white,,>>INDEFINIDO<<,https://drive.google.com/uc?export=view&id=1vFQsCirM5SSWQw-jOllY1B7OP7OeBryZ,(*) INDEFINIDO,,"-25,4279554","-49,2710311"
000-INDEFINIDO,fa-exclamation,#808080,white,,>>INDEFINIDO<<,https://drive.google.com/uc?export=view&id=1vLuu3xr-tdXBmDmAEm-L39saUfb8hXfR,(*) INDEFINIDO,,"-25,4277461","-49,2713869"
000-INDEFINIDO,fa-exclamation,#808080,white,,>>INDEFINIDO<<,https://drive.google.com/uc?export=view&id=1vZAoZVkfz5BpUGi9ZhZPhORRF2eWJDkn,(*) INDEFINIDO,,"-25,4277183","-49,2717212"
000-INDEFINIDO,fa-exclamation,#808080,white,,>>INDEFINIDO<<,https://drive.google.com/uc?export=view&id=1vbMZg3dqiAZCOTBM6bp3dcIW0Y0VLrRT,(*) INDEFINIDO,,"-25,4277223","-49,2717945"
000-INDEFINIDO,fa-exclamation,#808080,white,,>>INDEFINIDO<<,https://drive.google.com/uc?export=view&id=1vhRUFg9OZHJrtP_5Tk-5nXyo1qXisJdV,(*) INDEFINIDO,,"-25,4277223","-49,2717945"
000-INDEFINIDO,fa-exclamation,#808080,white,,>>INDEFINIDO<<,https://drive.google.com/uc?export=view&id=1vjU8hSSc7thT4gxJMFVw8qYOyoOnbfsp,(*) INDEFINIDO,,"-25,426507","-49,2717989"
000-INDEFINIDO,fa-exclamation,#808080,white,,>>INDEFINIDO<<,https://drive.google.com/uc?export=view&id=1vrqM7Z6v5YWV5jBvKQJAVinJB4fDybZB,(*) INDEFINIDO,,"-25,4267484","-49,2718365"
000-INDEFINIDO,fa-exclamation,#808080,white,,>>INDEFINIDO<<,https://drive.google.com/uc?export=view&id=1vsIYqti5L6q3C9mJZvLt4VE-HpWkNk1M,(*) INDEFINIDO,,"-25,4267262","-49,2718655"
000-INDEFINIDO,fa-exclamation,#808080,white,,>>INDEFINIDO<<,https://drive.google.com/uc?export=view&id=1vsXloX1umJzxJ1im0oHGhEzTgDsxl9Jd,(*) INDEFINIDO,,"-25,4267262","-49,2718655"
000-INDEFINIDO,fa-exclamation,#808080,white,,>>INDEFINIDO<<,https://drive.google.com/uc?export=view&id=1vtEMU_79_j0Pc29IQ9sZlH6mrUB8olnF,(*) INDEFINIDO,,"-25,4269829","-49,2718308"
000-INDEFINIDO,fa-exclamation,#808080,white,,>>INDEFINIDO<<,https://drive.google.com/uc?export=view&id=1w230Ctj-4eE_ZKcYV_GtKcW3yCkXFcl7,(*) INDEFINIDO,,"-25,426507","-49,2717989"
000-INDEFINIDO,fa-exclamation,#808080,white,,>>INDEFINIDO<<,https://drive.google.com/uc?export=view&id=1wB2wUoouk9zGeM6nV-vSnzFNhcMk0Owd,(*) INDEFINIDO,,"-25,4256602","-49,2725934"
000-INDEFINIDO,fa-exclamation,#808080,white,,>>INDEFINIDO<<,https://drive.google.com/uc?export=view&id=1wCRqiEj_mQjBeFcgjnlCe4BOxE7lB24i,(*) INDEFINIDO,,"-25,4256561","-49,2725413"
000-INDEFINIDO,fa-exclamation,#808080,white,,>>INDEFINIDO<<,https://drive.google.com/uc?export=view&id=1wMqQmXexwM28Nwfrs863vqcwWviOMtCI,(*) INDEFINIDO,,"-25,4256705","-49,2725627"
000-INDEFINIDO,fa-exclamation,#808080,white,,>>INDEFINIDO<<,https://drive.google.com/uc?export=view&id=1wTGyvKj4kb9pF1N80PVN1MS65t73TC2E,(*) INDEFINIDO,,"-25,4256705","-49,2725627"
000-INDEFINIDO,fa-exclamation,#808080,white,,>>INDEFINIDO<<,https://drive.google.com/uc?export=view&id=1wWeGTQHmKtsU5G3k2JgyhzqcrEbZXMmJ,(*) INDEFINIDO,,"-25,4256821","-49,2726473"
000-INDEFINIDO,fa-exclamation,#808080,white,,>>INDEFINIDO<<,https://drive.google.com/uc?export=view&id=1wYXoxd1Upm07r_1FpW9wfJ7jxjW4aO6d,(*) INDEFINIDO,,"-25,4255847","-49,2729031"
000-INDEFINIDO,fa-exclamation,#808080,white,,>>INDEFINIDO<<,https://drive.google.com/uc?export=view&id=1wYzMAH-MCTYGJwrbotW6g9QW4VdgsLdY,(*) INDEFINIDO,,"-25,4255847","-49,2729031"
000-INDEFINIDO,fa-exclamation,#808080,white,,>>INDEFINIDO<<,https://drive.google.com/uc?export=view&id=1waCdgNpDjv1o3Da90rCkhM4wPRK0rb7g,(*) INDEFINIDO,,"-25,4255946","-49,2729959"
000-INDEFINIDO,fa-exclamation,#808080,white,,>>INDEFINIDO<<,https://drive.google.com/uc?export=view&id=1wb_v5DzgdW3fKvYmdKSKJDEEK_yailDR,(*) INDEFINIDO,,"-25,4255942","-49,2730035"
000-INDEFINIDO,fa-exclamation,#808080,white,,>>INDEFINIDO<<,https://drive.google.com/uc?export=view&id=1wcvsBin2zPYt1LTpmQXOoq4GQeGIGRZR,(*) INDEFINIDO,,"-25,4254478","-49,2739057"
000-INDEFINIDO,fa-exclamation,#808080,white,,>>INDEFINIDO<<,https://drive.google.com/uc?export=view&id=1wiZ4W_FeOHGQ9AfCSW95kRrUtMv1TUD7,(*) INDEFINIDO,,"-25,4254413","-49,2739292"
000-INDEFINIDO,fa-exclamation,#808080,white,,>>INDEFINIDO<<,https://drive.google.com/uc?export=view&id=1wtbwWbdlRJ-mnDRvsK776FRZALJqPgNC,(*) INDEFINIDO,,"-25,425437","-49,2739148"
000-INDEFINIDO,fa-exclamation,#808080,white,,>>INDEFINIDO<<,https://drive.google.com/uc?export=view&id=1wveaskFxo01c5WCmBGAjWgQn0_0EadD9,(*) INDEFINIDO,,"-25,425569","-49,2731265"
000-INDEFINIDO,fa-exclamation,#808080,white,,>>INDEFINIDO<<,https://drive.google.com/uc?export=view&id=1tAUOssuSS3NkUJPh3_EZwBRCR_yqbdpq,(*) INDEFINIDO,,"-25,4288502","-49,2712271"
150-EstÃ©tico,fa-palette,#808080,white,,ARTE,https://drive.google.com/uc?export=view&id=1vm_8OYHrrUy7ZEwIyNysBe_CvC7NX_9J,(*) INDEFINIDO,,"-25,4264736","-49,2716113"